{"cameraMode":{"drawMode":0,"name":"Shaded","section":"Shading Mode"},"sceneLighting":true,"audioPlay":false,"sceneViewState":{"m_AlwaysRefresh":false,"showFog":true,"showSkybox":true,"showFlares":true,"showImageEffects":true,"showParticleSystems":true,"showVisualEffectGraphs":true,"m_FxEnabled":true},"in2DMode":false,"pivot":{"x":10.861583709716797,"y":0.2758946418762207,"z":9.383987426757813},"rotation":{"x":0.02825084887444973,"y":-0.33523645997047427,"z":-0.010082023218274117,"w":-0.9416733384132385},"size":12.12435531616211,"orthographic":true}