{"cameraMode":{"drawMode":0,"name":"Shaded","section":"Shading Mode"},"sceneLighting":true,"audioPlay":false,"sceneViewState":{"m_AlwaysRefresh":false,"showFog":true,"showSkybox":true,"showFlares":true,"showImageEffects":true,"showParticleSystems":true,"showVisualEffectGraphs":true,"m_FxEnabled":true},"in2DMode":false,"pivot":{"x":13.153999328613282,"y":0.23291748762130738,"z":12.674193382263184},"rotation":{"x":-0.05033062770962715,"y":0.9331983923912048,"z":-0.14419399201869965,"w":-0.32558420300483706},"size":0.34232598543167117,"orthographic":false}